season_year,conference,player_name,player_wiki_url,source
2000,Unknown,Toronto Raptors,https://tr.wikipedia.org/wiki/Toronto_Raptors,tr.wikipedia
2000,Unknown,Houston Rockets,https://tr.wikipedia.org/wiki/Houston_Rockets,tr.wikipedia
2000,Unknown,Charlotte Hornets,https://tr.wikipedia.org/wiki/Charlotte_Hornets,tr.wikipedia
2000,Unknown,Detroit Pistons,https://tr.wikipedia.org/wiki/Detroit_Pistons,tr.wikipedia
2000,Unknown,Philadelphia 76ers,https://tr.wikipedia.org/wiki/Philadelphia_76ers,tr.wikipedia
2000,Unknown,Utah Jazz,https://tr.wikipedia.org/wiki/Utah_Jazz,tr.wikipedia
2000,Unknown,Dallas Mavericks,https://tr.wikipedia.org/wiki/Dallas_Mavericks,tr.wikipedia
2000,Unknown,Milwaukee Bucks,https://tr.wikipedia.org/wiki/Milwaukee_Bucks,tr.wikipedia
2000,Unknown,Vancouver Grizzlies,https://tr.wikipedia.org/wiki/Vancouver_Grizzlies,tr.wikipedia
2000,Unknown,San Antonio Spurs,https://tr.wikipedia.org/wiki/San_Antonio_Spurs,tr.wikipedia
2000,Unknown,Cleveland Cavaliers,https://tr.wikipedia.org/wiki/Cleveland_Cavaliers,tr.wikipedia
2001,East,Philadelphia 76ers,https://tr.wikipedia.org/wiki/Philadelphia_76ers,tr.wikipedia
2001,East,Orlando Magic,https://tr.wikipedia.org/wiki/Orlando_Magic,tr.wikipedia
2001,East,Toronto Raptors,https://tr.wikipedia.org/wiki/Toronto_Raptors,tr.wikipedia
2001,East,Miami Heat,https://tr.wikipedia.org/wiki/Miami_Heat,tr.wikipedia
2001,East,Milwaukee Bucks,https://tr.wikipedia.org/wiki/Milwaukee_Bucks,tr.wikipedia
2001,East,New York Knicks,https://tr.wikipedia.org/wiki/New_York_Knicks,tr.wikipedia
2001,East,Atlanta Hawks,https://tr.wikipedia.org/wiki/Atlanta_Hawks,tr.wikipedia
2001,East,Detroit Pistons,https://tr.wikipedia.org/wiki/Detroit_Pistons,tr.wikipedia
2001,East,New Jersey Nets,https://tr.wikipedia.org/wiki/New_Jersey_Nets,tr.wikipedia
2002,East,Philadelphia 76ers,https://tr.wikipedia.org/wiki/Philadelphia_76ers,tr.wikipedia
2002,East,Washington Wizards,https://tr.wikipedia.org/wiki/Washington_Wizards,tr.wikipedia
2002,East,Boston Celtics,https://tr.wikipedia.org/wiki/Boston_Celtics,tr.wikipedia
2002,East,Toronto Raptors,https://tr.wikipedia.org/wiki/Toronto_Raptors,tr.wikipedia
2002,East,Milwaukee Bucks,https://tr.wikipedia.org/wiki/Milwaukee_Bucks,tr.wikipedia
2002,East,Atlanta Hawks,https://tr.wikipedia.org/wiki/Atlanta_Hawks,tr.wikipedia
2002,East,Charlotte Hornets,https://tr.wikipedia.org/wiki/New_Orleans_Hornets,tr.wikipedia
2002,East,New Jersey Nets,https://tr.wikipedia.org/wiki/New_Jersey_Nets,tr.wikipedia
2002,East,Orlando Magic,https://tr.wikipedia.org/wiki/Orlando_Magic,tr.wikipedia
2002,East,Miami Heat,https://tr.wikipedia.org/wiki/Miami_Heat,tr.wikipedia
2002,East,Indiana Pacers,https://tr.wikipedia.org/wiki/Indiana_Pacers,tr.wikipedia
2002,West,Los Angeles Lakers,https://tr.wikipedia.org/wiki/Los_Angeles_Lakers,tr.wikipedia
2002,West,Houston Rockets,https://tr.wikipedia.org/wiki/Houston_Rockets,tr.wikipedia
2002,West,San Antonio Spurs,https://tr.wikipedia.org/wiki/San_Antonio_Spurs,tr.wikipedia
2002,West,Minnesota Timberwolves,https://tr.wikipedia.org/wiki/Minnesota_Timberwolves,tr.wikipedia
2002,West,Los Angeles Clippers,https://tr.wikipedia.org/wiki/Los_Angeles_Clippers,tr.wikipedia
2002,West,Utah Jazz,https://tr.wikipedia.org/wiki/Utah_Jazz,tr.wikipedia
2002,West,Dallas Mavericks,https://tr.wikipedia.org/wiki/Dallas_Mavericks,tr.wikipedia
2002,West,Seattle SuperSonics,https://tr.wikipedia.org/wiki/Seattle_SuperSonics,tr.wikipedia
2002,West,Sacramento Kings,https://tr.wikipedia.org/wiki/Sacramento_Kings,tr.wikipedia
2002,Unknown,Memphis Grizzlies,https://tr.wikipedia.org/wiki/Memphis_Grizzlies,tr.wikipedia
2002,Unknown,Detroit Pistons,https://tr.wikipedia.org/wiki/Detroit_Pistons,tr.wikipedia
2002,Unknown,Golden State Warriors,https://tr.wikipedia.org/wiki/Golden_State_Warriors,tr.wikipedia
2002,Unknown,Chicago Bulls,https://tr.wikipedia.org/wiki/Chicago_Bulls,tr.wikipedia
2002,Unknown,Cleveland Cavaliers,https://tr.wikipedia.org/wiki/Cleveland_Cavaliers,tr.wikipedia
2003,East,Philadelphia 76ers,https://tr.wikipedia.org/wiki/Philadelphia_76ers,tr.wikipedia
2003,East,Washington Wizards,https://tr.wikipedia.org/wiki/Washington_Wizards,tr.wikipedia
2003,East,Detroit Pistons,https://tr.wikipedia.org/wiki/Detroit_Pistons,tr.wikipedia
2003,East,Orlando Magic,https://tr.wikipedia.org/wiki/Orlando_Magic,tr.wikipedia
2003,East,Indiana Pacers,https://tr.wikipedia.org/wiki/Indiana_Pacers,tr.wikipedia
2003,East,New Orleans Hornets,https://tr.wikipedia.org/wiki/New_Orleans_Hornets,tr.wikipedia
2003,East,Boston Celtics,https://tr.wikipedia.org/wiki/Boston_Celtics,tr.wikipedia
2003,East,New Jersey Nets,https://tr.wikipedia.org/wiki/New_Jersey_Nets,tr.wikipedia
2003,East,Toronto Raptors,https://tr.wikipedia.org/wiki/Toronto_Raptors,tr.wikipedia
2003,East,Cleveland Cavaliers,https://tr.wikipedia.org/wiki/Cleveland_Cavaliers,tr.wikipedia
2003,West,Los Angeles Lakers,https://tr.wikipedia.org/wiki/Los_Angeles_Lakers,tr.wikipedia
2003,West,Houston Rockets,https://tr.wikipedia.org/wiki/Houston_Rockets,tr.wikipedia
2003,West,San Antonio Spurs,https://tr.wikipedia.org/wiki/San_Antonio_Spurs,tr.wikipedia
2003,West,Minnesota Timberwolves,https://tr.wikipedia.org/wiki/Minnesota_Timberwolves,tr.wikipedia
2003,West,Sacramento Kings,https://tr.wikipedia.org/wiki/Sacramento_Kings,tr.wikipedia
2003,West,Dallas Mavericks,https://tr.wikipedia.org/wiki/Dallas_Mavericks,tr.wikipedia
2003,West,Seattle SuperSonics,https://tr.wikipedia.org/wiki/Seattle_SuperSonics,tr.wikipedia
2003,West,Phoenix Suns,https://tr.wikipedia.org/wiki/Phoenix_Suns,tr.wikipedia
2004,East,Philadelphia 76ers,https://tr.wikipedia.org/wiki/Philadelphia_76ers,tr.wikipedia
2004,East,Indiana Pacers,https://tr.wikipedia.org/wiki/Indiana_Pacers,tr.wikipedia
2004,East,Orlando Magic,https://tr.wikipedia.org/wiki/Orlando_Magic,tr.wikipedia
2004,East,Toronto Raptors,https://tr.wikipedia.org/wiki/Toronto_Raptors,tr.wikipedia
2004,East,Detroit Pistons,https://tr.wikipedia.org/wiki/Detroit_Pistons,tr.wikipedia
2004,East,New Orleans Hornets,https://tr.wikipedia.org/wiki/New_Orleans_Hornets,tr.wikipedia
2004,East,Charlotte Hornets,https://tr.wikipedia.org/wiki/New_Orleans_Hornets,tr.wikipedia
2004,East,New Jersey Nets,https://tr.wikipedia.org/wiki/New_Jersey_Nets,tr.wikipedia
2004,East,Milwaukee Bucks,https://tr.wikipedia.org/wiki/Milwaukee_Bucks,tr.wikipedia
2004,East,Boston Celtics,https://tr.wikipedia.org/wiki/Boston_Celtics,tr.wikipedia
2004,West,Los Angeles Lakers,https://tr.wikipedia.org/wiki/Los_Angeles_Lakers,tr.wikipedia
2004,West,Houston Rockets,https://tr.wikipedia.org/wiki/Houston_Rockets,tr.wikipedia
2004,West,San Antonio Spurs,https://tr.wikipedia.org/wiki/San_Antonio_Spurs,tr.wikipedia
2004,West,Minnesota Timberwolves,https://tr.wikipedia.org/wiki/Minnesota_Timberwolves,tr.wikipedia
2004,West,Utah Jazz,https://tr.wikipedia.org/wiki/Utah_Jazz,tr.wikipedia
2004,West,Dallas Mavericks,https://tr.wikipedia.org/wiki/Dallas_Mavericks,tr.wikipedia
2004,West,Sacramento Kings,https://tr.wikipedia.org/wiki/Sacramento_Kings,tr.wikipedia
2004,West,Seattle SuperSonics,https://tr.wikipedia.org/wiki/Seattle_SuperSonics,tr.wikipedia
2006,East,Philadelphia 76ers,https://tr.wikipedia.org/wiki/Philadelphia_76ers,tr.wikipedia
2006,East,Miami Heat,https://tr.wikipedia.org/wiki/Miami_Heat,tr.wikipedia
2006,East,Cleveland Cavaliers,https://tr.wikipedia.org/wiki/Cleveland_Cavaliers,tr.wikipedia
2006,East,Indiana Pacers,https://tr.wikipedia.org/wiki/Indiana_Pacers,tr.wikipedia
2006,East,Detroit Pistons,https://tr.wikipedia.org/wiki/Detroit_Pistons,tr.wikipedia
2006,East,Toronto Raptors,https://tr.wikipedia.org/wiki/Toronto_Raptors,tr.wikipedia
2006,East,New Jersey Nets,https://tr.wikipedia.org/wiki/New_Jersey_Nets,tr.wikipedia
2006,East,Boston Celtics,https://tr.wikipedia.org/wiki/Boston_Celtics,tr.wikipedia
2006,East,Washington Wizards,https://tr.wikipedia.org/wiki/Washington_Wizards,tr.wikipedia
2008,West,Denver Nuggets,https://tr.wikipedia.org/wiki/Denver_Nuggets,tr.wikipedia
2008,West,Los Angeles Lakers,https://tr.wikipedia.org/wiki/Los_Angeles_Lakers,tr.wikipedia
2008,West,San Antonio Spurs,https://tr.wikipedia.org/wiki/San_Antonio_Spurs,tr.wikipedia
2008,West,Houston Rockets,https://tr.wikipedia.org/wiki/Houston_Rockets,tr.wikipedia
2008,West,Utah Jazz,https://tr.wikipedia.org/wiki/Utah_Jazz,tr.wikipedia
2008,West,Phoenix Suns,https://tr.wikipedia.org/wiki/Phoenix_Suns,tr.wikipedia
2008,West,Dallas Mavericks,https://tr.wikipedia.org/wiki/Dallas_Mavericks,tr.wikipedia
2008,West,New Orleans Hornets,https://tr.wikipedia.org/wiki/New_Orleans_Hornets,tr.wikipedia
2008,West,Portland Trail Blazers,https://tr.wikipedia.org/wiki/Portland_Trail_Blazers,tr.wikipedia
2008,East,New Jersey Nets,https://tr.wikipedia.org/wiki/New_Jersey_Nets,tr.wikipedia
2008,East,Miami Heat,https://tr.wikipedia.org/wiki/Miami_Heat,tr.wikipedia
2008,East,Cleveland Cavaliers,https://tr.wikipedia.org/wiki/Cleveland_Cavaliers,tr.wikipedia
2008,East,Boston Celtics,https://tr.wikipedia.org/wiki/Boston_Celtics,tr.wikipedia
2008,East,Orlando Magic,https://tr.wikipedia.org/wiki/Orlando_Magic,tr.wikipedia
2008,East,Detroit Pistons,https://tr.wikipedia.org/wiki/Detroit_Pistons,tr.wikipedia
2008,East,Washington Wizards,https://tr.wikipedia.org/wiki/Washington_Wizards,tr.wikipedia
2008,East,Toronto Raptors,https://tr.wikipedia.org/wiki/Toronto_Raptors,tr.wikipedia
2008,East,Atlanta Hawks,https://tr.wikipedia.org/wiki/Atlanta_Hawks,tr.wikipedia
2008,Unknown,Memphis Grizzlies,https://tr.wikipedia.org/wiki/Memphis_Grizzlies,tr.wikipedia
2008,Unknown,Seattle SuperSonics,https://tr.wikipedia.org/wiki/Seattle_SuperSonics,tr.wikipedia
2008,Unknown,Milwaukee Bucks,https://tr.wikipedia.org/wiki/Milwaukee_Bucks,tr.wikipedia
2008,Unknown,Minnesota Timberwolves,https://tr.wikipedia.org/wiki/Minnesota_Timberwolves,tr.wikipedia
2008,Unknown,Los Angeles D-Fenders,https://tr.wikipedia.org/wiki/Los_Angeles_D-Fenders,tr.wikipedia
2008,Unknown,Bakersfield Jam,https://tr.wikipedia.org/wiki/Bakersfield_Jam,tr.wikipedia
2008,Unknown,Dakota Wizards,https://tr.wikipedia.org/wiki/Dakota_Wizards,tr.wikipedia
2008,Unknown,Austin Toros,https://tr.wikipedia.org/wiki/Austin_Toros,tr.wikipedia
2008,Unknown,Fort Wayne Mad Ants,https://tr.wikipedia.org/wiki/Fort_Wayne_Mad_Ants,tr.wikipedia
2008,Unknown,Rio Grande Valley Vipers,https://tr.wikipedia.org/wiki/Rio_Grande_Valley_Vipers,tr.wikipedia
2008,Unknown,Idaho Stampede,https://tr.wikipedia.org/wiki/Idaho_Stampede,tr.wikipedia
2008,Unknown,Colorado 14ers,https://tr.wikipedia.org/wiki/Colorado_14ers,tr.wikipedia
2008,Unknown,Tulsa 66ers,https://tr.wikipedia.org/wiki/Tulsa_66ers,tr.wikipedia
2008,Unknown,Iowa Energy,https://tr.wikipedia.org/wiki/Iowa_Energy,tr.wikipedia
2008,Unknown,Sioux Falls Skyforce,https://tr.wikipedia.org/wiki/Sioux_Falls_Skyforce,tr.wikipedia
2009,West,New Orleans Hornets,https://tr.wikipedia.org/wiki/New_Orleans_Hornets,tr.wikipedia
2009,West,Los Angeles Lakers,https://tr.wikipedia.org/wiki/Los_Angeles_Lakers,tr.wikipedia
2009,West,Phoenix Suns,https://tr.wikipedia.org/wiki/Phoenix_Suns,tr.wikipedia
2009,West,San Antonio Spurs,https://tr.wikipedia.org/wiki/San_Antonio_Spurs,tr.wikipedia
2009,West,Houston Rockets,https://tr.wikipedia.org/wiki/Houston_Rockets,tr.wikipedia
2009,West,Denver Nuggets,https://tr.wikipedia.org/wiki/Denver_Nuggets,tr.wikipedia
2009,West,Portland Trail Blazers,https://tr.wikipedia.org/wiki/Portland_Trail_Blazers,tr.wikipedia
2009,West,Dallas Mavericks,https://tr.wikipedia.org/wiki/Dallas_Mavericks,tr.wikipedia
2009,East,Detroit Pistons,https://tr.wikipedia.org/wiki/Detroit_Pistons,tr.wikipedia
2009,East,Miami Heat,https://tr.wikipedia.org/wiki/Miami_Heat,tr.wikipedia
2009,East,Cleveland Cavaliers,https://tr.wikipedia.org/wiki/Cleveland_Cavaliers,tr.wikipedia
2009,East,Boston Celtics,https://tr.wikipedia.org/wiki/Boston_Celtics,tr.wikipedia
2009,East,Orlando Magic,https://tr.wikipedia.org/wiki/Orlando_Magic,tr.wikipedia
2009,East,New Jersey Nets,https://tr.wikipedia.org/wiki/New_Jersey_Nets,tr.wikipedia
2009,East,Toronto Raptors,https://tr.wikipedia.org/wiki/Toronto_Raptors,tr.wikipedia
2009,East,Indiana Pacers,https://tr.wikipedia.org/wiki/Indiana_Pacers,tr.wikipedia
2009,East,Atlanta Hawks,https://tr.wikipedia.org/wiki/Atlanta_Hawks,tr.wikipedia
2009,Unknown,Memphis Grizzlies,https://tr.wikipedia.org/wiki/Memphis_Grizzlies,tr.wikipedia
2009,Unknown,Los Angeles Clippers,https://tr.wikipedia.org/wiki/Los_Angeles_Clippers,tr.wikipedia
2009,Unknown,Chicago Bulls,https://tr.wikipedia.org/wiki/Chicago_Bulls,tr.wikipedia
2009,Unknown,Oklahoma City Thunder,https://tr.wikipedia.org/wiki/Oklahoma_City_Thunder,tr.wikipedia
2009,Unknown,New York Knicks,https://tr.wikipedia.org/wiki/New_York_Knicks,tr.wikipedia
2009,Unknown,Philadelphia 76ers,https://tr.wikipedia.org/wiki/Philadelphia_76ers,tr.wikipedia
2012,East,Derrick Rose,https://tr.wikipedia.org/wiki/Derrick_Rose,tr.wikipedia
2012,East,Dwyane Wade,https://tr.wikipedia.org/wiki/Dwyane_Wade,tr.wikipedia
2012,East,LeBron James,https://tr.wikipedia.org/wiki/LeBron_James,tr.wikipedia
2012,East,Carmelo Anthony,https://tr.wikipedia.org/wiki/Carmelo_Anthony,tr.wikipedia
2012,East,Dwight Howard,https://tr.wikipedia.org/wiki/Dwight_Howard,tr.wikipedia
2012,East,Chris Bosh,https://tr.wikipedia.org/wiki/Chris_Bosh,tr.wikipedia
2012,East,Luol Deng,https://tr.wikipedia.org/wiki/Luol_Deng,tr.wikipedia
2012,East,Roy Hibbert,https://tr.wikipedia.org/wiki/Roy_Hibbert,tr.wikipedia
2012,East,Andre Iguodala,https://tr.wikipedia.org/wiki/Andre_Iguodala,tr.wikipedia
2012,East,Joe Johnson,https://tr.wikipedia.org/wiki/Joe_Johnson,tr.wikipedia
2012,East,Paul Pierce,https://tr.wikipedia.org/wiki/Paul_Pierce,tr.wikipedia
2012,East,Rajon Rondo,https://tr.wikipedia.org/wiki/Rajon_Rondo,tr.wikipedia
2012,East,Deron Williams,https://tr.wikipedia.org/wiki/Deron_Williams,tr.wikipedia
2012,Unknown,Derrick Williams,https://tr.wikipedia.org/wiki/Derrick_Williams_(basketbolcu),tr.wikipedia
2012,Unknown,Iman Shumpert,https://tr.wikipedia.org/wiki/Iman_Shumpert,tr.wikipedia
2012,Unknown,James Jones,https://tr.wikipedia.org/wiki/James_Jones,tr.wikipedia
2012,Unknown,Kevin Durant,https://tr.wikipedia.org/wiki/Kevin_Durant,tr.wikipedia
2012,Unknown,Kevin Love,https://tr.wikipedia.org/wiki/Kevin_Love,tr.wikipedia
2012,Unknown,Mario Chalmers,https://tr.wikipedia.org/wiki/Mario_Chalmers,tr.wikipedia
2012,Unknown,Ryan Anderson,https://tr.wikipedia.org/wiki/Ryan_Anderson_(basketbolcu),tr.wikipedia
2012,Unknown,Anthony Morrow,https://tr.wikipedia.org/wiki/Anthony_Morrow,tr.wikipedia
2012,Unknown,Kyrie Irving,https://tr.wikipedia.org/wiki/Kyrie_Irving,tr.wikipedia
2012,Unknown,Tony Parker,https://tr.wikipedia.org/wiki/Tony_Parker,tr.wikipedia
2012,Unknown,John Wall,https://tr.wikipedia.org/wiki/John_Wall,tr.wikipedia
2012,Unknown,Russell Westbrook,https://tr.wikipedia.org/wiki/Russell_Westbrook,tr.wikipedia
2012,Unknown,Jerry Stackhouse,https://tr.wikipedia.org/wiki/Jerry_Stackhouse,tr.wikipedia
2012,Unknown,Atlanta Dream,https://tr.wikipedia.org/wiki/Atlanta_Dream,tr.wikipedia
2012,Unknown,Atlanta Hawks,https://tr.wikipedia.org/wiki/Atlanta_Hawks,tr.wikipedia
2012,Unknown,Jameer Nelson,https://tr.wikipedia.org/wiki/Jameer_Nelson,tr.wikipedia
2012,Unknown,Phoenix Mercury,https://tr.wikipedia.org/wiki/Phoenix_Mercury,tr.wikipedia
2012,Unknown,Orlando Magic,https://tr.wikipedia.org/wiki/Orlando_Magic,tr.wikipedia
2012,Unknown,Landry Fields,https://tr.wikipedia.org/wiki/Landry_Fields,tr.wikipedia
2012,Unknown,New York Liberty,https://tr.wikipedia.org/wiki/New_York_Liberty,tr.wikipedia
2012,Unknown,New York Knicks,https://tr.wikipedia.org/wiki/New_York_Knicks,tr.wikipedia
2012,Unknown,Chandler Parsons,https://tr.wikipedia.org/wiki/Chandler_Parsons,tr.wikipedia
2012,Unknown,Houston Rockets,https://tr.wikipedia.org/wiki/Houston_Rockets,tr.wikipedia
2013,West,Chris Paul,https://tr.wikipedia.org/wiki/Chris_Paul,tr.wikipedia
2013,West,Kobe Bryant,https://tr.wikipedia.org/wiki/Kobe_Bryant,tr.wikipedia
2013,West,Kevin Durant,https://tr.wikipedia.org/wiki/Kevin_Durant,tr.wikipedia
2013,West,Blake Griffin,https://tr.wikipedia.org/wiki/Blake_Griffin,tr.wikipedia
2013,West,Dwight Howard,https://tr.wikipedia.org/wiki/Dwight_Howard,tr.wikipedia
2013,West,LaMarcus Aldridge,https://tr.wikipedia.org/wiki/LaMarcus_Aldridge,tr.wikipedia
2013,West,Tim Duncan,https://tr.wikipedia.org/wiki/Tim_Duncan,tr.wikipedia
2013,West,James Harden,https://tr.wikipedia.org/wiki/James_Harden,tr.wikipedia
2013,West,David Lee,https://tr.wikipedia.org/wiki/David_Lee,tr.wikipedia
2013,West,Tony Parker,https://tr.wikipedia.org/wiki/Tony_Parker,tr.wikipedia
2013,West,Zach Randolph,https://tr.wikipedia.org/wiki/Zach_Randolph,tr.wikipedia
2013,West,Russell Westbrook,https://tr.wikipedia.org/wiki/Russell_Westbrook,tr.wikipedia
2013,East,Rajon Rondo,https://tr.wikipedia.org/wiki/Rajon_Rondo,tr.wikipedia
2013,East,Dwyane Wade,https://tr.wikipedia.org/wiki/Dwyane_Wade,tr.wikipedia
2013,East,LeBron James,https://tr.wikipedia.org/wiki/LeBron_James,tr.wikipedia
2013,East,Carmelo Anthony,https://tr.wikipedia.org/wiki/Carmelo_Anthony,tr.wikipedia
2013,East,Kevin Garnett,https://tr.wikipedia.org/wiki/Kevin_Garnett,tr.wikipedia
2013,East,Chris Bosh,https://tr.wikipedia.org/wiki/Chris_Bosh,tr.wikipedia
2013,East,Tyson Chandler,https://tr.wikipedia.org/wiki/Tyson_Chandler,tr.wikipedia
2013,East,Luol Deng,https://tr.wikipedia.org/wiki/Luol_Deng,tr.wikipedia
2013,East,Paul George,https://tr.wikipedia.org/wiki/Paul_George,tr.wikipedia
2013,East,Jrue Holiday,https://tr.wikipedia.org/wiki/Jrue_Holiday,tr.wikipedia
2013,East,Kyrie Irving,https://tr.wikipedia.org/wiki/Kyrie_Irving,tr.wikipedia
2013,East,Brook Lopez,https://tr.wikipedia.org/wiki/Brook_Lopez,tr.wikipedia
2013,East,Joakim Noah,https://tr.wikipedia.org/wiki/Joakim_Noah,tr.wikipedia
2013,East,Seattle Storm,https://tr.wikipedia.org/wiki/Seattle_Storm,tr.wikipedia
2013,East,Minnesota Lynx,https://tr.wikipedia.org/wiki/Minnesota_Lynx,tr.wikipedia
2013,West,Chicago Sky,https://tr.wikipedia.org/wiki/Chicago_Sky,tr.wikipedia
2013,West,Indiana Fever,https://tr.wikipedia.org/wiki/Indiana_Fever,tr.wikipedia
2013,East,Brandon Knight,https://tr.wikipedia.org/wiki/Brandon_Knight,tr.wikipedia
2013,East,Jeff Teague,https://tr.wikipedia.org/wiki/Jeff_Teague,tr.wikipedia
2013,West,Damian Lillard,https://tr.wikipedia.org/wiki/Damian_Lillard,tr.wikipedia
2013,West,Jeremy Lin,https://tr.wikipedia.org/wiki/Jeremy_Lin,tr.wikipedia
2013,West,Ryan Anderson,https://tr.wikipedia.org/wiki/Ryan_Anderson_(basketbolcu),tr.wikipedia
2013,West,Matt Bonner,https://tr.wikipedia.org/wiki/Matt_Bonner,tr.wikipedia
2013,West,Stephen Curry,https://tr.wikipedia.org/wiki/Stephen_Curry,tr.wikipedia
2013,East,Gerald Green,https://tr.wikipedia.org/wiki/Gerald_Green,tr.wikipedia
2013,East,Terrence Ross,https://tr.wikipedia.org/wiki/Terrence_Ross,tr.wikipedia
2013,East,James White,https://tr.wikipedia.org/wiki/James_White,tr.wikipedia
2013,West,Eric Bledsoe,https://tr.wikipedia.org/wiki/Eric_Bledsoe,tr.wikipedia
2013,West,Kenneth Faried,https://tr.wikipedia.org/wiki/Kenneth_Faried,tr.wikipedia
2014,East,Dwyane Wade,https://tr.wikipedia.org/wiki/Dwyane_Wade,tr.wikipedia
2014,East,Kyrie Irving,https://tr.wikipedia.org/wiki/Kyrie_Irving,tr.wikipedia
2014,East,LeBron James,https://tr.wikipedia.org/wiki/LeBron_James,tr.wikipedia
2014,East,Paul George,https://tr.wikipedia.org/wiki/Paul_George,tr.wikipedia
2014,East,Carmelo Anthony,https://tr.wikipedia.org/wiki/Carmelo_Anthony,tr.wikipedia
2014,East,Joakim Noah,https://tr.wikipedia.org/wiki/Joakim_Noah,tr.wikipedia
2014,East,Roy Hibbert,https://tr.wikipedia.org/wiki/Roy_Hibbert,tr.wikipedia
2014,East,Chris Bosh,https://tr.wikipedia.org/wiki/Chris_Bosh,tr.wikipedia
2014,East,Paul Millsap,https://tr.wikipedia.org/wiki/Paul_Millsap,tr.wikipedia
2014,East,John Wall,https://tr.wikipedia.org/wiki/John_Wall_(basketbolcu),tr.wikipedia
2014,East,Joe Johnson,https://tr.wikipedia.org/wiki/Joe_Johnson,tr.wikipedia
2014,East,DeMar DeRozan,https://tr.wikipedia.org/wiki/DeMar_DeRozan,tr.wikipedia
2014,West,Stephen Curry,https://tr.wikipedia.org/wiki/Stephen_Curry,tr.wikipedia
2014,West,Kobe Bryant,https://tr.wikipedia.org/wiki/Kobe_Bryant,tr.wikipedia
2014,West,Kevin Durant,https://tr.wikipedia.org/wiki/Kevin_Durant,tr.wikipedia
2014,West,Blake Griffin,https://tr.wikipedia.org/wiki/Blake_Griffin,tr.wikipedia
2014,West,Kevin Love,https://tr.wikipedia.org/wiki/Kevin_Love,tr.wikipedia
2014,West,Dwight Howard,https://tr.wikipedia.org/wiki/Dwight_Howard,tr.wikipedia
2014,West,LaMarcus Aldridge,https://tr.wikipedia.org/wiki/LaMarcus_Aldridge,tr.wikipedia
2014,West,Dirk Nowitzki,https://tr.wikipedia.org/wiki/Dirk_Nowitzki,tr.wikipedia
2014,West,Chris Paul,https://tr.wikipedia.org/wiki/Chris_Paul,tr.wikipedia
2014,West,James Harden,https://tr.wikipedia.org/wiki/James_Harden,tr.wikipedia
2014,West,Tony Parker,https://tr.wikipedia.org/wiki/Tony_Parker,tr.wikipedia
2014,West,Damian Lillard,https://tr.wikipedia.org/wiki/Damian_Lillard,tr.wikipedia
2014,West,Anthony Davis,https://tr.wikipedia.org/wiki/Anthony_Davis,tr.wikipedia
2014,East,Giannis Antetokounmpo,https://tr.wikipedia.org/wiki/Giannis_Antetokounmpo,tr.wikipedia
2014,East,Toronto Raptors,https://tr.wikipedia.org/wiki/Toronto_Raptors,tr.wikipedia
2014,East,Michael Carter-Williams,https://tr.wikipedia.org/wiki/Michael_Carter-Williams,tr.wikipedia
2014,East,Orlando Magic,https://tr.wikipedia.org/wiki/Orlando_Magic,tr.wikipedia
2014,West,Trey Burke,https://tr.wikipedia.org/wiki/Trey_Burke,tr.wikipedia
2014,West,Portland Trail Blazers,https://tr.wikipedia.org/wiki/Portland_Trail_Blazers,tr.wikipedia
2014,West,Goran Dragić,https://tr.wikipedia.org/wiki/Goran_Dragi%C4%87,tr.wikipedia
2014,West,Oklahoma City Thunder,https://tr.wikipedia.org/wiki/Oklahoma_City_Thunder,tr.wikipedia
2014,East,Washington Wizards,https://tr.wikipedia.org/wiki/Washington_Wizards,tr.wikipedia
2014,East,Cleveland Cavaliers,https://tr.wikipedia.org/wiki/Cleveland_Cavaliers,tr.wikipedia
2014,East,Brooklyn Nets,https://tr.wikipedia.org/wiki/Brooklyn_Nets,tr.wikipedia
2014,West,San Antonio Spurs,https://tr.wikipedia.org/wiki/San_Antonio_Spurs,tr.wikipedia
2014,West,Minnesota Timberwolves,https://tr.wikipedia.org/wiki/Minnesota_Timberwolves,tr.wikipedia
2014,West,Golden State Warriors,https://tr.wikipedia.org/wiki/Golden_State_Warriors,tr.wikipedia
2015,East,John Wall,https://tr.wikipedia.org/wiki/John_Wall_(basketbolcu),tr.wikipedia
2015,East,Kyle Lowry,https://tr.wikipedia.org/wiki/Kyle_Lowry,tr.wikipedia
2015,East,LeBron James,https://tr.wikipedia.org/wiki/LeBron_James,tr.wikipedia
2015,East,Pau Gasol,https://tr.wikipedia.org/wiki/Pau_Gasol,tr.wikipedia
2015,East,Carmelo Anthony,https://tr.wikipedia.org/wiki/Carmelo_Anthony,tr.wikipedia
2015,East,Al Horford,https://tr.wikipedia.org/wiki/Al_Horford,tr.wikipedia
2015,East,Chris Bosh,https://tr.wikipedia.org/wiki/Chris_Bosh,tr.wikipedia
2015,East,Paul Millsap,https://tr.wikipedia.org/wiki/Paul_Millsap,tr.wikipedia
2015,East,Jimmy Butler,https://tr.wikipedia.org/wiki/Jimmy_Butler,tr.wikipedia
2015,East,Dwyane Wade,https://tr.wikipedia.org/wiki/Dwyane_Wade,tr.wikipedia
2015,East,Jeff Teague,https://tr.wikipedia.org/wiki/Jeff_Teague,tr.wikipedia
2015,East,Kyrie Irving,https://tr.wikipedia.org/wiki/Kyrie_Irving,tr.wikipedia
2015,West,Stephen Curry,https://tr.wikipedia.org/wiki/Stephen_Curry,tr.wikipedia
2015,West,Kobe Bryant,https://tr.wikipedia.org/wiki/Kobe_Bryant,tr.wikipedia
2015,West,Anthony Davis,https://tr.wikipedia.org/wiki/Anthony_Davis,tr.wikipedia
2015,West,Marc Gasol,https://tr.wikipedia.org/wiki/Marc_Gasol,tr.wikipedia
2015,West,Blake Griffin,https://tr.wikipedia.org/wiki/Blake_Griffin,tr.wikipedia
2015,West,LaMarcus Aldridge,https://tr.wikipedia.org/wiki/LaMarcus_Aldridge,tr.wikipedia
2015,West,Tim Duncan,https://tr.wikipedia.org/wiki/Tim_Duncan,tr.wikipedia
2015,West,Kevin Durant,https://tr.wikipedia.org/wiki/Kevin_Durant,tr.wikipedia
2015,West,Klay Thompson,https://tr.wikipedia.org/wiki/Klay_Thompson,tr.wikipedia
2015,West,Russell Westbrook,https://tr.wikipedia.org/wiki/Russell_Westbrook,tr.wikipedia
2015,West,James Harden,https://tr.wikipedia.org/wiki/James_Harden,tr.wikipedia
2015,West,Chris Paul,https://tr.wikipedia.org/wiki/Chris_Paul,tr.wikipedia
2015,West,DeMarcus Cousins,https://tr.wikipedia.org/wiki/DeMarcus_Cousins,tr.wikipedia
2016,East,Dwyane Wade,https://tr.wikipedia.org/wiki/Dwyane_Wade,tr.wikipedia
2016,East,Kyle Lowry,https://tr.wikipedia.org/wiki/Kyle_Lowry,tr.wikipedia
2016,East,LeBron James,https://tr.wikipedia.org/wiki/LeBron_James,tr.wikipedia
2016,East,Paul George,https://tr.wikipedia.org/wiki/Paul_George,tr.wikipedia
2016,East,Carmelo Anthony,https://tr.wikipedia.org/wiki/Carmelo_Anthony,tr.wikipedia
2016,East,John Wall,https://tr.wikipedia.org/wiki/John_Wall_(basketbolcu),tr.wikipedia
2016,East,Jimmy Butler,https://tr.wikipedia.org/wiki/Jimmy_Butler,tr.wikipedia
2016,East,Paul Millsap,https://tr.wikipedia.org/wiki/Paul_Millsap,tr.wikipedia
2016,East,Andre Drummond,https://tr.wikipedia.org/wiki/Andre_Drummond,tr.wikipedia
2016,East,Chris Bosh,https://tr.wikipedia.org/wiki/Chris_Bosh,tr.wikipedia
2016,East,DeMar DeRozan,https://tr.wikipedia.org/wiki/DeMar_DeRozan,tr.wikipedia
2016,East,Isaiah Thomas,https://tr.wikipedia.org/wiki/Isaiah_Thomas,tr.wikipedia
2016,West,Stephen Curry,https://tr.wikipedia.org/wiki/Stephen_Curry,tr.wikipedia
2016,West,Russell Westbrook,https://tr.wikipedia.org/wiki/Russell_Westbrook,tr.wikipedia
2016,West,Kobe Bryant,https://tr.wikipedia.org/wiki/Kobe_Bryant,tr.wikipedia
2016,West,Kevin Durant,https://tr.wikipedia.org/wiki/Kevin_Durant,tr.wikipedia
2016,West,Kawhi Leonard,https://tr.wikipedia.org/wiki/Kawhi_Leonard,tr.wikipedia
2016,West,Chris Paul,https://tr.wikipedia.org/wiki/Chris_Paul,tr.wikipedia
2016,West,James Harden,https://tr.wikipedia.org/wiki/James_Harden,tr.wikipedia
2016,West,Draymond Green,https://tr.wikipedia.org/wiki/Draymond_Green,tr.wikipedia
2016,West,DeMarcus Cousins,https://tr.wikipedia.org/wiki/DeMarcus_Cousins,tr.wikipedia
2016,West,Anthony Davis,https://tr.wikipedia.org/wiki/Anthony_Davis,tr.wikipedia
2016,West,Klay Thompson,https://tr.wikipedia.org/wiki/Klay_Thompson,tr.wikipedia
2016,West,LaMarcus Aldridge,https://tr.wikipedia.org/wiki/LaMarcus_Aldridge,tr.wikipedia
2017,East,Kyrie Irving,https://tr.wikipedia.org/wiki/Kyrie_Irving,tr.wikipedia
2017,East,DeMar DeRozan,https://tr.wikipedia.org/wiki/DeMar_DeRozan,tr.wikipedia
2017,East,LeBron James,https://tr.wikipedia.org/wiki/LeBron_James,tr.wikipedia
2017,East,Jimmy Butler,https://tr.wikipedia.org/wiki/Jimmy_Butler,tr.wikipedia
2017,East,Yannis Andetokunbo,https://tr.wikipedia.org/wiki/Yannis_Andetokunbo,tr.wikipedia
2017,East,Isaiah Thomas,https://tr.wikipedia.org/wiki/Isaiah_Thomas,tr.wikipedia
2017,East,John Wall,https://tr.wikipedia.org/wiki/John_Wall,tr.wikipedia
2017,East,Kevin Love,https://tr.wikipedia.org/wiki/Kevin_Love,tr.wikipedia
2017,East,Carmelo Anthony,https://tr.wikipedia.org/wiki/Carmelo_Anthony,tr.wikipedia
2017,East,Kyle Lowry,https://tr.wikipedia.org/wiki/Kyle_Lowry,tr.wikipedia
2017,East,Paul George,https://tr.wikipedia.org/wiki/Paul_George,tr.wikipedia
2017,East,Kemba Walker,https://tr.wikipedia.org/wiki/Kemba_Walker,tr.wikipedia
2017,East,Paul Millsap,https://tr.wikipedia.org/wiki/Paul_Millsap,tr.wikipedia
2017,West,Stephen Curry,https://tr.wikipedia.org/wiki/Stephen_Curry,tr.wikipedia
2017,West,James Harden,https://tr.wikipedia.org/wiki/James_Harden,tr.wikipedia
2017,West,Kevin Durant,https://tr.wikipedia.org/wiki/Kevin_Durant,tr.wikipedia
2017,West,Kawhi Leonard,https://tr.wikipedia.org/wiki/Kawhi_Leonard,tr.wikipedia
2017,West,Anthony Davis,https://tr.wikipedia.org/wiki/Anthony_Davis,tr.wikipedia
2017,West,Russell Westbrook,https://tr.wikipedia.org/wiki/Russell_Westbrook,tr.wikipedia
2017,West,Klay Thompson,https://tr.wikipedia.org/wiki/Klay_Thompson,tr.wikipedia
2017,West,Draymond Green,https://tr.wikipedia.org/wiki/Draymond_Green,tr.wikipedia
2017,West,DeMarcus Cousins,https://tr.wikipedia.org/wiki/DeMarcus_Cousins,tr.wikipedia
2017,West,Marc Gasol,https://tr.wikipedia.org/wiki/Marc_Gasol,tr.wikipedia
2017,West,DeAndre Jordan,https://tr.wikipedia.org/wiki/DeAndre_Jordan,tr.wikipedia
2017,West,Gordon Hayward,https://tr.wikipedia.org/wiki/Gordon_Hayward,tr.wikipedia
2018,Unknown,Kevin Durant,https://tr.wikipedia.org/wiki/Kevin_Durant,tr.wikipedia
2018,Unknown,Anthony Davis,https://tr.wikipedia.org/wiki/Anthony_Davis,tr.wikipedia
2018,Unknown,LeBron James,https://tr.wikipedia.org/wiki/LeBron_James,tr.wikipedia
2018,Unknown,DeMarcus Cousins,https://tr.wikipedia.org/wiki/DeMarcus_Cousins,tr.wikipedia
2018,Unknown,Kyrie Irving,https://tr.wikipedia.org/wiki/Kyrie_Irving,tr.wikipedia
2018,Unknown,LaMarcus Aldridge,https://tr.wikipedia.org/wiki/LaMarcus_Aldridge,tr.wikipedia
2018,Unknown,Bradley Beal,https://tr.wikipedia.org/wiki/Bradley_Beal,tr.wikipedia
2018,Unknown,Kevin Love,https://tr.wikipedia.org/wiki/Kevin_Love,tr.wikipedia
2018,Unknown,Russell Westbrook,https://tr.wikipedia.org/wiki/Russell_Westbrook,tr.wikipedia
2018,Unknown,Victor Oladipo,https://tr.wikipedia.org/wiki/Victor_Oladipo,tr.wikipedia
2018,Unknown,Kristaps Porziņģis,https://tr.wikipedia.org/wiki/Kristaps_Porzi%C5%86%C4%A3is,tr.wikipedia
2018,Unknown,John Wall,https://tr.wikipedia.org/wiki/John_Wall,tr.wikipedia
2018,Unknown,Paul George,https://tr.wikipedia.org/wiki/Paul_George,tr.wikipedia
2018,Unknown,Andre Drummond,https://tr.wikipedia.org/wiki/Andre_Drummond,tr.wikipedia
2018,Unknown,Goran Dragić,https://tr.wikipedia.org/wiki/Goran_Dragi%C4%87,tr.wikipedia
2018,Unknown,Kemba Walker,https://tr.wikipedia.org/wiki/Kemba_Walker,tr.wikipedia
2018,Unknown,James Harden,https://tr.wikipedia.org/wiki/James_Harden,tr.wikipedia
2018,Unknown,DeMar DeRozan,https://tr.wikipedia.org/wiki/DeMar_DeRozan,tr.wikipedia
2018,Unknown,Stephen Curry,https://tr.wikipedia.org/wiki/Stephen_Curry,tr.wikipedia
2018,Unknown,Yannis Andetokunbo,https://tr.wikipedia.org/wiki/Yannis_Andetokunbo,tr.wikipedia
2018,Unknown,Joel Embiid,https://tr.wikipedia.org/wiki/Joel_Embiid,tr.wikipedia
2018,Unknown,Damian Lillard,https://tr.wikipedia.org/wiki/Damian_Lillard,tr.wikipedia
2018,Unknown,Jimmy Butler,https://tr.wikipedia.org/wiki/Jimmy_Butler,tr.wikipedia
2018,Unknown,Draymond Green,https://tr.wikipedia.org/wiki/Draymond_Green,tr.wikipedia
2018,Unknown,Kyle Lowry,https://tr.wikipedia.org/wiki/Kyle_Lowry,tr.wikipedia
2018,Unknown,Klay Thompson,https://tr.wikipedia.org/wiki/Klay_Thompson,tr.wikipedia
2018,Unknown,Karl-Anthony Towns,https://tr.wikipedia.org/wiki/Karl-Anthony_Towns,tr.wikipedia
2018,Unknown,Al Horford,https://tr.wikipedia.org/wiki/Al_Horford,tr.wikipedia
2019,Unknown,Joel Embiid,https://tr.wikipedia.org/wiki/Joel_Embiid,tr.wikipedia
2019,Unknown,Yannis Andetokunbo,https://tr.wikipedia.org/wiki/Yannis_Andetokunbo,tr.wikipedia
2019,Unknown,Paul George,https://tr.wikipedia.org/wiki/Paul_George,tr.wikipedia
2019,Unknown,Stephen Curry,https://tr.wikipedia.org/wiki/Stephen_Curry,tr.wikipedia
2019,Unknown,Kemba Walker,https://tr.wikipedia.org/wiki/Kemba_Walker,tr.wikipedia
2019,Unknown,Khris Middleton,https://tr.wikipedia.org/wiki/Khris_Middleton,tr.wikipedia
2019,Unknown,Nikola Jokic,https://tr.wikipedia.org/wiki/Nikola_Joki%C4%87,tr.wikipedia
2019,Unknown,Russell Westbrook,https://tr.wikipedia.org/wiki/Russell_Westbrook,tr.wikipedia
2019,Unknown,Blake Griffin,https://tr.wikipedia.org/wiki/Blake_Griffin,tr.wikipedia
2019,Unknown,D'Angelo Russell,https://tr.wikipedia.org/wiki/D%27Angelo_Russell,tr.wikipedia
2019,Unknown,Nikola Vucevic,https://tr.wikipedia.org/wiki/Nikola_Vu%C4%8Devi%C4%87,tr.wikipedia
2019,Unknown,Kyle Lowry,https://tr.wikipedia.org/wiki/Kyle_Lowry,tr.wikipedia
2019,Unknown,Dirk Nowitzki,https://tr.wikipedia.org/wiki/Dirk_Nowitzki,tr.wikipedia
2019,Unknown,Kevin Durant,https://tr.wikipedia.org/wiki/Kevin_Durant,tr.wikipedia
2019,Unknown,LeBron James,https://tr.wikipedia.org/wiki/LeBron_James,tr.wikipedia
2019,Unknown,Kawhi Leonard,https://tr.wikipedia.org/wiki/Kawhi_Leonard,tr.wikipedia
2019,Unknown,James Harden,https://tr.wikipedia.org/wiki/James_Harden,tr.wikipedia
2019,Unknown,Kyrie Irving,https://tr.wikipedia.org/wiki/Kyrie_Irving,tr.wikipedia
2019,Unknown,Anthony Davis,https://tr.wikipedia.org/wiki/Anthony_Davis,tr.wikipedia
2019,Unknown,Klay Thompson,https://tr.wikipedia.org/wiki/Klay_Thompson,tr.wikipedia
2019,Unknown,Damian Lillard,https://tr.wikipedia.org/wiki/Damian_Lillard,tr.wikipedia
2019,Unknown,Ben Simmons,https://tr.wikipedia.org/wiki/Ben_Simmons,tr.wikipedia
2019,Unknown,LaMarcus Aldridge,https://tr.wikipedia.org/wiki/LaMarcus_Aldridge,tr.wikipedia
2019,Unknown,Karl-Anthony Towns,https://tr.wikipedia.org/wiki/Karl-Anthony_Towns,tr.wikipedia
2019,Unknown,Bradley Beal,https://tr.wikipedia.org/wiki/Bradley_Beal,tr.wikipedia
2019,Unknown,Dwyane Wade,https://tr.wikipedia.org/wiki/Dwyane_Wade,tr.wikipedia
2025,East,Jalen Brunson,https://tr.wikipedia.org/wiki/Jalen_Brunson,tr.wikipedia
2025,East,Donovan Mitchell,https://tr.wikipedia.org/wiki/Donovan_Mitchell,tr.wikipedia
2025,East,Jayson Tatum,https://tr.wikipedia.org/wiki/Jayson_Tatum,tr.wikipedia
2025,East,Giannis Antetokounmpo,https://tr.wikipedia.org/wiki/Giannis_Antetokounmpo,tr.wikipedia
2025,East,Karl-Anthony Towns,https://tr.wikipedia.org/wiki/Karl-Anthony_Towns,tr.wikipedia
2025,East,Jaylen Brown,https://tr.wikipedia.org/wiki/Jaylen_Brown,tr.wikipedia
2025,East,Cade Cunningham,https://tr.wikipedia.org/wiki/Cade_Cunningham,tr.wikipedia
2025,East,Darius Garland,https://tr.wikipedia.org/wiki/Darius_Garland,tr.wikipedia
2025,East,Tyler Herro,https://tr.wikipedia.org/wiki/Tyler_Herro,tr.wikipedia
2025,East,Damian Lillard,https://tr.wikipedia.org/wiki/Damian_Lillard,tr.wikipedia
2025,East,Evan Mobley,https://tr.wikipedia.org/wiki/Evan_Mobley,tr.wikipedia
2025,East,Pascal Siakam,https://tr.wikipedia.org/wiki/Pascal_Siakam,tr.wikipedia
2025,East,Trae Young,https://tr.wikipedia.org/wiki/Trae_Young,tr.wikipedia
2025,West,Shai Gilgeous-Alexander,https://tr.wikipedia.org/wiki/Shai_Gilgeous-Alexander,tr.wikipedia
2025,West,Stephen Curry,https://tr.wikipedia.org/wiki/Stephen_Curry,tr.wikipedia
2025,West,LeBron James,https://tr.wikipedia.org/wiki/LeBron_James,tr.wikipedia
2025,West,Kevin Durant,https://tr.wikipedia.org/wiki/Kevin_Durant,tr.wikipedia
2025,West,Nikola Jokić,https://tr.wikipedia.org/wiki/Nikola_Joki%C4%87,tr.wikipedia
2025,West,James Harden,https://tr.wikipedia.org/wiki/James_Harden,tr.wikipedia
2025,West,Jaren Jackson Jr.,https://tr.wikipedia.org/wiki/Jaren_Jackson_Jr.,tr.wikipedia
2025,West,Jalen Williams,https://tr.wikipedia.org/wiki/Jalen_Williams,tr.wikipedia
2025,West,Anthony Davis,https://tr.wikipedia.org/wiki/Anthony_Davis,tr.wikipedia
2025,West,Alperen Şengün,https://tr.wikipedia.org/wiki/Alperen_%C5%9Eeng%C3%BCn,tr.wikipedia
2025,West,Victor Wembanyama,https://tr.wikipedia.org/wiki/Victor_Wembanyama,tr.wikipedia
2025,West,Kyrie Irving,https://tr.wikipedia.org/wiki/Kyrie_Irving,tr.wikipedia
2025,Unknown,Stephon Castle,https://tr.wikipedia.org/wiki/Stephon_Castle,tr.wikipedia
2025,Unknown,Dalton Knecht,https://tr.wikipedia.org/wiki/Dalton_Knecht,tr.wikipedia
2025,Unknown,Amen Thompson,https://tr.wikipedia.org/wiki/Amen_Thompson,tr.wikipedia
2025,Unknown,San Antonio Spurs,https://tr.wikipedia.org/wiki/San_Antonio_Spurs,tr.wikipedia
2025,Unknown,Phoenix Suns,https://tr.wikipedia.org/wiki/Phoenix_Suns,tr.wikipedia
2025,Unknown,Memphis Grizzlies,https://tr.wikipedia.org/wiki/Memphis_Grizzlies,tr.wikipedia
2025,Unknown,Utah Jazz,https://tr.wikipedia.org/wiki/Utah_Jazz,tr.wikipedia
2025,Unknown,Golden State Warriors,https://tr.wikipedia.org/wiki/Golden_State_Warriors,tr.wikipedia
2025,Unknown,Los Angeles Lakers,https://tr.wikipedia.org/wiki/Los_Angeles_Lakers,tr.wikipedia
2025,Unknown,Orlando Magic,https://tr.wikipedia.org/wiki/Orlando_Magic,tr.wikipedia
2025,Unknown,Toronto Raptors,https://tr.wikipedia.org/wiki/Toronto_Raptors,tr.wikipedia
2025,Unknown,Miami Heat,https://tr.wikipedia.org/wiki/Miami_Heat,tr.wikipedia
2025,Unknown,Atlanta Hawks,https://tr.wikipedia.org/wiki/Atlanta_Hawks,tr.wikipedia
2025,Unknown,Washington Wizards,https://tr.wikipedia.org/wiki/Washington_Wizards,tr.wikipedia
2025,Unknown,Chicago Bulls,https://tr.wikipedia.org/wiki/Chicago_Bulls,tr.wikipedia
2025,Unknown,Portland Trail Blazers,https://tr.wikipedia.org/wiki/Portland_Trail_Blazers,tr.wikipedia
2025,Unknown,Houston Rockets,https://tr.wikipedia.org/wiki/Houston_Rockets,tr.wikipedia
2025,Unknown,Detroit Pistons,https://tr.wikipedia.org/wiki/Detroit_Pistons,tr.wikipedia
2025,Unknown,Maine Celtics,https://tr.wikipedia.org/wiki/Maine_Celtics,tr.wikipedia
2025,Unknown,Iowa Wolves,https://tr.wikipedia.org/wiki/Iowa_Wolves,tr.wikipedia
2025,Unknown,Rio Grande Valley Vipers,https://tr.wikipedia.org/wiki/Rio_Grande_Valley_Vipers,tr.wikipedia
2025,Unknown,Santa Cruz Warriors,https://tr.wikipedia.org/wiki/Santa_Cruz_Warriors,tr.wikipedia
2025,Unknown,Zaccharie Risacher,https://tr.wikipedia.org/wiki/Zaccharie_Risacher,tr.wikipedia
2025,Unknown,Chris Paul,https://tr.wikipedia.org/wiki/Chris_Paul,tr.wikipedia
2025,Unknown,Draymond Green,https://tr.wikipedia.org/wiki/Draymond_Green,tr.wikipedia
2025,Unknown,Buddy Hield,https://tr.wikipedia.org/wiki/Buddy_Hield,tr.wikipedia
2025,Unknown,Cameron Johnson,https://tr.wikipedia.org/wiki/Cameron_Johnson,tr.wikipedia
2025,Unknown,Norman Powell,https://tr.wikipedia.org/wiki/Norman_Powell,tr.wikipedia
2025,Unknown,Mac McClung,https://tr.wikipedia.org/wiki/Mac_McClung,tr.wikipedia
